≥µŒª∫≈,≥µ≈∆∫≈,µΩ¥Ô ±º‰
1,‘¡A464554,8:31
2,‘¡B455555,10:00
3,‘¡C545999,7:31
4,‘¡H469995,2:45
5,‘¡B548111,3:22
6,‘¡S131235,2:22
7,‘¡AH55555,3:14
8,‘¡D554562,9:57
9,‘¡J556995,10:11
10,‘¡D544524,6:55
11,‘¡Z554569,7:11
12,‘¡K533156,8:18
13,‘¡C554444,16:17
14,‘¡A979554,8:19
15,‘¡B554556,2:16
16,‘¡C465555,13:14
17,‘¡K465999,15:16
18,‘¡D545622,7:08
19,‘¡S664564,9:04
20,‘¡B455578,23:22
21,‘¡C125466,14:26
22,‘¡Z655655,1:02
23,‘¡V556663,0:53
24,‘¡G545699,7:55
25,‘¡S456456,6:54
26,‘¡I445566,15:33
27,‘¡S446554,16:24
28,‘¡D464665,20:08
29,‘¡A565655,22:09
30,‘¡F466455,16:33
